{"stats":{"minecraft:dropped":{"travelersbackpack:standard":2},"minecraft:killed_by":{"minecraft:zombie":1},"minecraft:custom":{"minecraft:time_since_rest":22804,"minecraft:sprint_one_cm":16749,"minecraft:damage_taken":230,"minecraft:walk_one_cm":37272,"minecraft:mob_kills":2,"minecraft:drop":2,"minecraft:damage_dealt":346,"minecraft:fly_one_cm":161159,"minecraft:crouch_one_cm":621,"minecraft:play_time":28974,"minecraft:deaths":1,"minecraft:sneak_time":566,"minecraft:jump":182,"minecraft:time_since_death":22773,"minecraft:total_world_time":28974,"minecraft:climb_one_cm":38,"minecraft:fall_one_cm":3553},"minecraft:killed":{"minecraft:pig":1},"minecraft:used":{"minecraft:emerald_ore":2,"camera:image_frame":4,"minecraft:iron_ore":2,"minecraft:coal_ore":5,"minecraft:villager_spawn_egg":3,"minecraft:carved_pumpkin":34,"minecraft:iron_block":544,"minecraft:redstone_ore":2,"minecraft:grass_block":20,"minecraft:zombie_villager_spawn_egg":1,"minecraft:pig_spawn_egg":2,"minecraft:copper_ore":1,"minecraft:lapis_ore":2,"mcwdoors:birch_glass_door":2,"minecraft:stone":1,"minecraft:redstone_block":1,"minecraft:diamond_ore":1,"minecraft:deepslate_gold_ore":1,"alexsmobs:spawn_egg_straddler":1,"elevatorid:elevator_red":5,"minecraft:gold_ore":1,"securitycraft:mine":40,"minecraft:deepslate_diamond_ore":1,"minecraft:dirt":13,"travelersbackpack:standard":1,"mcwdoors:iron_portcullis":4,"minecraft:nether_quartz_ore":4,"minecraft:deepslate_redstone_ore":1,"minecraft:deepslate_lapis_ore":1,"minecraft:nether_gold_ore":1},"minecraft:picked_up":{"minecraft:porkchop":3,"minecraft:dirt":13,"camera:image_frame":2,"travelersbackpack:standard":2,"minecraft:arrow":1,"camera:image":1},"minecraft:mined":{"minecraft:grass":20,"minecraft:grass_block":9,"minecraft:dirt":4,"minecraft:tall_grass":2}},"DataVersion":3337}