{"stats":{"minecraft:dropped":{"travelersbackpack:standard":2},"minecraft:killed_by":{"minecraft:zombie":1},"minecraft:custom":{"minecraft:time_since_rest":10804,"minecraft:crouch_one_cm":287,"minecraft:play_time":16974,"minecraft:sprint_one_cm":15876,"minecraft:walk_one_cm":26701,"minecraft:damage_taken":230,"minecraft:deaths":1,"minecraft:sneak_time":183,"minecraft:mob_kills":1,"minecraft:drop":2,"minecraft:jump":156,"minecraft:damage_dealt":155,"minecraft:time_since_death":10773,"minecraft:climb_one_cm":38,"minecraft:total_world_time":16974,"minecraft:fall_one_cm":3553,"minecraft:fly_one_cm":78020},"minecraft:used":{"minecraft:deepslate_diamond_ore":1,"camera:image_frame":4,"securitycraft:mine":40,"minecraft:dirt":13,"travelersbackpack:standard":1,"mcwdoors:iron_portcullis":4,"minecraft:redstone_ore":2,"minecraft:grass_block":20,"minecraft:pig_spawn_egg":1,"minecraft:deepslate_redstone_ore":1,"minecraft:lapis_ore":2,"minecraft:stone":1,"mcwdoors:birch_glass_door":2,"minecraft:redstone_block":1,"minecraft:deepslate_lapis_ore":1,"minecraft:diamond_ore":1,"minecraft:emerald_ore":2,"elevatorid:elevator_red":5},"minecraft:picked_up":{"camera:image_frame":2,"travelersbackpack:standard":1,"camera:image":1,"minecraft:dirt":13},"minecraft:mined":{"minecraft:grass":20,"minecraft:grass_block":9,"minecraft:dirt":4,"minecraft:tall_grass":2}},"DataVersion":3337}