{"stats":{"minecraft:custom":{"minecraft:jump":4,"minecraft:time_since_rest":5377,"minecraft:crouch_one_cm":71,"minecraft:sprint_one_cm":381,"minecraft:play_time":5377,"minecraft:time_since_death":5377,"minecraft:walk_one_cm":1457,"minecraft:sneak_time":35,"minecraft:total_world_time":5377,"minecraft:drop":2,"minecraft:fly_one_cm":33214},"minecraft:picked_up":{"ad_astra:tier_4_rocket":1,"minecraft:dirt":1},"minecraft:used":{"ad_astra:tier_4_rocket":1,"minecraft:stone":56,"minecraft:dirt":1,"ad_astra:launch_pad":1},"minecraft:dropped":{"minecraft:dirt":1,"ad_astra:tier_4_rocket":1}},"DataVersion":3337}