{"stats":{"minecraft:custom":{"minecraft:jump":67,"minecraft:time_since_rest":14339,"minecraft:leave_game":1,"minecraft:crouch_one_cm":71,"minecraft:sprint_one_cm":6023,"minecraft:play_time":14339,"minecraft:time_since_death":14339,"minecraft:walk_one_cm":4154,"minecraft:sneak_time":35,"minecraft:total_world_time":14339,"minecraft:drop":2,"minecraft:fly_one_cm":110923},"minecraft:picked_up":{"ad_astra:tier_4_rocket":1,"minecraft:dirt":1},"minecraft:dropped":{"minecraft:dirt":1,"ad_astra:tier_4_rocket":1},"minecraft:used":{"minecraft:map":2,"ad_astra:tier_4_rocket":1,"minecraft:stone":56,"minecraft:dirt":1,"ad_astra:calorite_sliding_door":1,"ad_astra:launch_pad":1}},"DataVersion":3337}