{"stats":{"minecraft:custom":{"minecraft:jump":69,"minecraft:time_since_rest":4974,"minecraft:damage_dealt":75,"minecraft:sprint_one_cm":7832,"minecraft:play_time":4974,"minecraft:damage_taken":95,"minecraft:time_since_death":4974,"minecraft:walk_one_cm":9756,"minecraft:total_world_time":4974,"minecraft:fall_one_cm":2508,"minecraft:fly_one_cm":17969},"minecraft:used":{"minecraft:dirt":11},"minecraft:picked_up":{"minecraft:dirt":11},"minecraft:mined":{"minecraft:tall_grass":2,"minecraft:grass":7,"minecraft:grass_block":8,"minecraft:dirt":3}},"DataVersion":3337}