{
  "minecraft:recipes/building_blocks/stone_bricks": {
    "criteria": {
      "has_stone": "2024-11-18 21:09:02 +0000"
    },
    "done": true
  },
  "securitycraft:recipes/building_blocks/cobbled_deepslate_mine": {
    "criteria": {
      "has_mine": "2024-11-18 21:02:44 +0000"
    },
    "done": true
  },
  "securitycraft:recipes/building_blocks/reinforced_red_stained_glass_pane_from_glass": {
    "criteria": {
      "has_glass": "2024-11-18 21:02:28 +0000"
    },
    "done": true
  },
  "securitycraft:recipes/building_blocks/reinforced_light_gray_stained_glass": {
    "criteria": {
      "has_glass": "2024-11-18 21:02:28 +0000"
    },
    "done": true
  },
  "securitycraft:recipes/building_blocks/reinforced_brown_stained_glass_pane_from_dye": {
    "criteria": {
      "has_glass": "2024-11-18 21:02:28 +0000"
    },
    "done": true
  },
  "securitycraft:recipes/building_blocks/gravel_mine": {
    "criteria": {
      "has_mine": "2024-11-18 21:02:44 +0000"
    },
    "done": true
  },
  "minecraft:recipes/misc/emerald_from_smelting_emerald_ore": {
    "criteria": {
      "has_emerald_ore": "2024-11-18 21:09:40 +0000"
    },
    "done": true
  },
  "securitycraft:recipes/building_blocks/reinforced_green_stained_glass_pane_from_dye": {
    "criteria": {
      "has_glass": "2024-11-18 21:02:28 +0000"
    },
    "done": true
  },
  "minecraft:recipes/misc/lapis_lazuli_from_smelting_deepslate_lapis_ore": {
    "criteria": {
      "has_deepslate_lapis_ore": "2024-11-18 21:09:30 +0000"
    },
    "done": true
  },
  "securitycraft:recipes/building_blocks/reinforced_orange_stained_glass": {
    "criteria": {
      "has_glass": "2024-11-18 21:02:28 +0000"
    },
    "done": true
  },
  "minecraft:recipes/building_blocks/light_blue_stained_glass": {
    "criteria": {
      "has_glass": "2024-11-18 21:02:28 +0000"
    },
    "done": true
  },
  "minecraft:recipes/misc/lapis_lazuli_from_blasting_lapis_ore": {
    "criteria": {
      "has_lapis_ore": "2024-11-18 21:09:30 +0000"
    },
    "done": true
  },
  "minecraft:recipes/building_blocks/green_stained_glass": {
    "criteria": {
      "has_glass": "2024-11-18 21:02:28 +0000"
    },
    "done": true
  },
  "securitycraft:recipes/building_blocks/deepslate_redstone_mine": {
    "criteria": {
      "has_mine": "2024-11-18 21:02:44 +0000"
    },
    "done": true
  },
  "securitycraft:recipes/building_blocks/reinforced_glass_pane": {
    "criteria": {
      "has_glass": "2024-11-18 21:02:28 +0000"
    },
    "done": true
  },
  "securitycraft:recipes/building_blocks/reinforced_black_stained_glass": {
    "criteria": {
      "has_glass": "2024-11-18 21:02:28 +0000"
    },
    "done": true
  },
  "securitycraft:recipes/building_blocks/reinforced_lime_stained_glass": {
    "criteria": {
      "has_glass": "2024-11-18 21:02:28 +0000"
    },
    "done": true
  },
  "securitycraft:recipes/building_blocks/gold_mine": {
    "criteria": {
      "has_mine": "2024-11-18 21:02:44 +0000"
    },
    "done": true
  },
  "minecraft:recipes/building_blocks/brown_stained_glass": {
    "criteria": {
      "has_glass": "2024-11-18 21:02:28 +0000"
    },
    "done": true
  },
  "securitycraft:recipes/building_blocks/reinforced_black_stained_glass_pane_from_glass": {
    "criteria": {
      "has_glass": "2024-11-18 21:02:28 +0000"
    },
    "done": true
  },
  "securitycraft:recipes/building_blocks/reinforced_red_stained_glass": {
    "criteria": {
      "has_glass": "2024-11-18 21:02:28 +0000"
    },
    "done": true
  },
  "securitycraft:recipes/building_blocks/emerald_mine": {
    "criteria": {
      "has_mine": "2024-11-18 21:02:44 +0000"
    },
    "done": true
  },
  "minecraft:recipes/building_blocks/blue_stained_glass": {
    "criteria": {
      "has_glass": "2024-11-18 21:02:28 +0000"
    },
    "done": true
  },
  "tombstone:recipes/from_grave_key": {
    "criteria": {
      "has_ingredient": "2024-11-18 21:00:51 +0000"
    },
    "done": true
  },
  "minecraft:recipes/building_blocks/orange_stained_glass": {
    "criteria": {
      "has_glass": "2024-11-18 21:02:28 +0000"
    },
    "done": true
  },
  "minecraft:recipes/building_blocks/stone_bricks_from_stone_stonecutting": {
    "criteria": {
      "has_stone": "2024-11-18 21:09:02 +0000"
    },
    "done": true
  },
  "securitycraft:recipes/building_blocks/lapis_mine": {
    "criteria": {
      "has_mine": "2024-11-18 21:02:44 +0000"
    },
    "done": true
  },
  "securitycraft:recipes/building_blocks/stone_mine": {
    "criteria": {
      "has_mine": "2024-11-18 21:02:44 +0000"
    },
    "done": true
  },
  "minecraft:recipes/building_blocks/stone_slab": {
    "criteria": {
      "has_stone": "2024-11-18 21:09:02 +0000"
    },
    "done": true
  },
  "securitycraft:recipes/building_blocks/reinforced_purple_stained_glass_pane_from_glass": {
    "criteria": {
      "has_glass": "2024-11-18 21:02:28 +0000"
    },
    "done": true
  },
  "securitycraft:recipes/building_blocks/blast_furnace_mine": {
    "criteria": {
      "has_mine": "2024-11-18 21:02:44 +0000"
    },
    "done": true
  },
  "securitycraft:recipes/building_blocks/reinforced_white_stained_glass_pane_from_glass": {
    "criteria": {
      "has_glass": "2024-11-18 21:02:28 +0000"
    },
    "done": true
  },
  "securitycraft:recipes/building_blocks/reinforced_blue_stained_glass_pane_from_dye": {
    "criteria": {
      "has_glass": "2024-11-18 21:02:28 +0000"
    },
    "done": true
  },
  "securitycraft:recipes/building_blocks/deepslate_coal_mine": {
    "criteria": {
      "has_mine": "2024-11-18 21:02:44 +0000"
    },
    "done": true
  },
  "securitycraft:recipes/building_blocks/smoker_mine": {
    "criteria": {
      "has_mine": "2024-11-18 21:02:44 +0000"
    },
    "done": true
  },
  "securitycraft:recipes/building_blocks/reinforced_white_stained_glass_pane_from_dye": {
    "criteria": {
      "has_glass": "2024-11-18 21:02:28 +0000"
    },
    "done": true
  },
  "minecraft:recipes/building_blocks/pink_stained_glass": {
    "criteria": {
      "has_glass": "2024-11-18 21:02:28 +0000"
    },
    "done": true
  },
  "securitycraft:recipes/building_blocks/deepslate_copper_mine": {
    "criteria": {
      "has_mine": "2024-11-18 21:02:44 +0000"
    },
    "done": true
  },
  "minecraft:recipes/building_blocks/black_stained_glass": {
    "criteria": {
      "has_glass": "2024-11-18 21:02:28 +0000"
    },
    "done": true
  },
  "minecraft:recipes/building_blocks/gray_stained_glass": {
    "criteria": {
      "has_glass": "2024-11-18 21:02:28 +0000"
    },
    "done": true
  },
  "minecraft:recipes/decorations/crafting_table": {
    "criteria": {
      "unlock_right_away": "2024-11-18 20:55:42 +0000"
    },
    "done": true
  },
  "minecraft:recipes/decorations/chest": {
    "criteria": {
      "has_lots_of_items": "2024-11-18 21:07:55 +0000"
    },
    "done": true
  },
  "securitycraft:recipes/building_blocks/reinforced_light_blue_stained_glass_pane_from_dye": {
    "criteria": {
      "has_glass": "2024-11-18 21:02:28 +0000"
    },
    "done": true
  },
  "securitycraft:recipes/building_blocks/reinforced_magenta_stained_glass_pane_from_dye": {
    "criteria": {
      "has_glass": "2024-11-18 21:02:28 +0000"
    },
    "done": true
  },
  "minecraft:recipes/building_blocks/stone_stairs_from_stone_stonecutting": {
    "criteria": {
      "has_stone": "2024-11-18 21:09:02 +0000"
    },
    "done": true
  },
  "securitycraft:recipes/building_blocks/reinforced_lime_stained_glass_pane_from_glass": {
    "criteria": {
      "has_glass": "2024-11-18 21:02:28 +0000"
    },
    "done": true
  },
  "minecraft:adventure/kill_all_mobs": {
    "criteria": {
      "minecraft:zombie": "2024-11-18 21:02:58 +0000"
    },
    "done": false
  },
  "securitycraft:recipes/building_blocks/reinforced_cyan_stained_glass_pane_from_dye": {
    "criteria": {
      "has_glass": "2024-11-18 21:02:28 +0000"
    },
    "done": true
  },
  "minecraft:recipes/building_blocks/lime_stained_glass": {
    "criteria": {
      "has_glass": "2024-11-18 21:02:28 +0000"
    },
    "done": true
  },
  "minecraft:recipes/redstone/redstone_from_smelting_deepslate_redstone_ore": {
    "criteria": {
      "has_deepslate_redstone_ore": "2024-11-18 21:09:23 +0000"
    },
    "done": true
  },
  "minecraft:recipes/redstone/stone_button": {
    "criteria": {
      "has_stone": "2024-11-18 21:09:02 +0000"
    },
    "done": true
  },
  "securitycraft:recipes/building_blocks/reinforced_light_blue_stained_glass_pane_from_glass": {
    "criteria": {
      "has_glass": "2024-11-18 21:02:28 +0000"
    },
    "done": true
  },
  "minecraft:recipes/decorations/stonecutter": {
    "criteria": {
      "has_stone": "2024-11-18 21:09:02 +0000"
    },
    "done": true
  },
  "minecraft:recipes/redstone/stone_pressure_plate": {
    "criteria": {
      "has_stone": "2024-11-18 21:09:02 +0000"
    },
    "done": true
  },
  "securitycraft:recipes/building_blocks/deepslate_mine": {
    "criteria": {
      "has_mine": "2024-11-18 21:02:44 +0000"
    },
    "done": true
  },
  "minecraft:recipes/redstone/redstone": {
    "criteria": {
      "has_redstone_block": "2024-11-18 21:09:15 +0000"
    },
    "done": true
  },
  "securitycraft:recipes/building_blocks/reinforced_gray_stained_glass": {
    "criteria": {
      "has_glass": "2024-11-18 21:02:28 +0000"
    },
    "done": true
  },
  "minecraft:recipes/building_blocks/smooth_stone": {
    "criteria": {
      "has_stone": "2024-11-18 21:09:02 +0000"
    },
    "done": true
  },
  "minecraft:recipes/redstone/redstone_from_smelting_redstone_ore": {
    "criteria": {
      "has_redstone_ore": "2024-11-18 21:09:14 +0000"
    },
    "done": true
  },
  "securitycraft:recipes/building_blocks/copper_mine": {
    "criteria": {
      "has_mine": "2024-11-18 21:02:44 +0000"
    },
    "done": true
  },
  "securitycraft:recipes/building_blocks/iron_mine": {
    "criteria": {
      "has_mine": "2024-11-18 21:02:44 +0000"
    },
    "done": true
  },
  "securitycraft:recipes/building_blocks/gilded_blackstone_mine": {
    "criteria": {
      "has_mine": "2024-11-18 21:02:44 +0000"
    },
    "done": true
  },
  "minecraft:recipes/decorations/glass_pane": {
    "criteria": {
      "has_glass": "2024-11-18 21:02:28 +0000"
    },
    "done": true
  },
  "betterdeserttemples:root": {
    "criteria": {
      "always": "2024-11-18 20:55:42 +0000"
    },
    "done": true
  },
  "minecraft:recipes/building_blocks/magenta_stained_glass": {
    "criteria": {
      "has_glass": "2024-11-18 21:02:28 +0000"
    },
    "done": true
  },
  "minecraft:recipes/redstone/redstone_from_blasting_redstone_ore": {
    "criteria": {
      "has_redstone_ore": "2024-11-18 21:09:14 +0000"
    },
    "done": true
  },
  "securitycraft:recipes/building_blocks/reinforced_cyan_stained_glass": {
    "criteria": {
      "has_glass": "2024-11-18 21:02:28 +0000"
    },
    "done": true
  },
  "securitycraft:recipes/building_blocks/deepslate_lapis_mine": {
    "criteria": {
      "has_mine": "2024-11-18 21:02:44 +0000"
    },
    "done": true
  },
  "securitycraft:recipes/tools/wire_cutters": {
    "criteria": {
      "has_mine": "2024-11-18 21:02:44 +0000"
    },
    "done": true
  },
  "minecraft:recipes/building_blocks/white_stained_glass": {
    "criteria": {
      "has_glass": "2024-11-18 21:02:28 +0000"
    },
    "done": true
  },
  "securitycraft:recipes/building_blocks/reinforced_pink_stained_glass_pane_from_glass": {
    "criteria": {
      "has_glass": "2024-11-18 21:02:28 +0000"
    },
    "done": true
  },
  "securitycraft:recipes/building_blocks/reinforced_purple_stained_glass_pane_from_dye": {
    "criteria": {
      "has_glass": "2024-11-18 21:02:28 +0000"
    },
    "done": true
  },
  "minecraft:recipes/decorations/stone_brick_walls_from_stone_stonecutting": {
    "criteria": {
      "has_stone": "2024-11-18 21:09:02 +0000"
    },
    "done": true
  },
  "minecraft:recipes/misc/diamond_from_blasting_deepslate_diamond_ore": {
    "criteria": {
      "has_deepslate_diamond_ore": "2024-11-18 21:08:57 +0000"
    },
    "done": true
  },
  "securitycraft:recipes/building_blocks/cobblestone_mine": {
    "criteria": {
      "has_mine": "2024-11-18 21:02:44 +0000"
    },
    "done": true
  },
  "securitycraft:recipes/building_blocks/reinforced_brown_stained_glass": {
    "criteria": {
      "has_glass": "2024-11-18 21:02:28 +0000"
    },
    "done": true
  },
  "securitycraft:recipes/building_blocks/reinforced_orange_stained_glass_pane_from_dye": {
    "criteria": {
      "has_glass": "2024-11-18 21:02:28 +0000"
    },
    "done": true
  },
  "securitycraft:recipes/building_blocks/coal_mine": {
    "criteria": {
      "has_mine": "2024-11-18 21:02:44 +0000"
    },
    "done": true
  },
  "securitycraft:recipes/building_blocks/reinforced_white_stained_glass": {
    "criteria": {
      "has_glass": "2024-11-18 21:02:28 +0000"
    },
    "done": true
  },
  "minecraft:recipes/building_blocks/stone_brick_slab_from_stone_stonecutting": {
    "criteria": {
      "has_stone": "2024-11-18 21:09:02 +0000"
    },
    "done": true
  },
  "securitycraft:recipes/building_blocks/netherrack_mine": {
    "criteria": {
      "has_mine": "2024-11-18 21:02:44 +0000"
    },
    "done": true
  },
  "securitycraft:recipes/building_blocks/furnace_mine": {
    "criteria": {
      "has_mine": "2024-11-18 21:02:44 +0000"
    },
    "done": true
  },
  "minecraft:recipes/building_blocks/red_stained_glass": {
    "criteria": {
      "has_glass": "2024-11-18 21:02:28 +0000"
    },
    "done": true
  },
  "securitycraft:recipes/building_blocks/ancient_debris_mine": {
    "criteria": {
      "has_mine": "2024-11-18 21:02:44 +0000"
    },
    "done": true
  },
  "securitycraft:recipes/building_blocks/reinforced_red_stained_glass_pane_from_dye": {
    "criteria": {
      "has_glass": "2024-11-18 21:02:28 +0000"
    },
    "done": true
  },
  "minecraft:recipes/building_blocks/stone_brick_stairs_from_stone_stonecutting": {
    "criteria": {
      "has_stone": "2024-11-18 21:09:02 +0000"
    },
    "done": true
  },
  "securitycraft:recipes/building_blocks/deepslate_iron_mine": {
    "criteria": {
      "has_mine": "2024-11-18 21:02:44 +0000"
    },
    "done": true
  },
  "securitycraft:recipes/building_blocks/end_stone_mine": {
    "criteria": {
      "has_mine": "2024-11-18 21:02:44 +0000"
    },
    "done": true
  },
  "minecraft:recipes/misc/emerald_from_blasting_emerald_ore": {
    "criteria": {
      "has_emerald_ore": "2024-11-18 21:09:40 +0000"
    },
    "done": true
  },
  "minecraft:recipes/misc/diamond_from_smelting_deepslate_diamond_ore": {
    "criteria": {
      "has_deepslate_diamond_ore": "2024-11-18 21:08:57 +0000"
    },
    "done": true
  },
  "securitycraft:recipes/tools/remote_access_mine": {
    "criteria": {
      "has_mine": "2024-11-18 21:02:44 +0000"
    },
    "done": true
  },
  "minecraft:recipes/brewing/glass_bottle": {
    "criteria": {
      "has_glass": "2024-11-18 21:02:28 +0000"
    },
    "done": true
  },
  "securitycraft:recipes/building_blocks/reinforced_magenta_stained_glass": {
    "criteria": {
      "has_glass": "2024-11-18 21:02:28 +0000"
    },
    "done": true
  },
  "securitycraft:recipes/building_blocks/reinforced_black_stained_glass_pane_from_dye": {
    "criteria": {
      "has_glass": "2024-11-18 21:02:28 +0000"
    },
    "done": true
  },
  "securitycraft:recipes/building_blocks/reinforced_pink_stained_glass_pane_from_dye": {
    "criteria": {
      "has_glass": "2024-11-18 21:02:28 +0000"
    },
    "done": true
  },
  "minecraft:recipes/building_blocks/light_gray_stained_glass": {
    "criteria": {
      "has_glass": "2024-11-18 21:02:28 +0000"
    },
    "done": true
  },
  "securitycraft:recipes/building_blocks/dirt_mine": {
    "criteria": {
      "has_mine": "2024-11-18 21:02:44 +0000"
    },
    "done": true
  },
  "minecraft:recipes/building_blocks/stone_slab_from_stone_stonecutting": {
    "criteria": {
      "has_stone": "2024-11-18 21:09:02 +0000"
    },
    "done": true
  },
  "securitycraft:recipes/building_blocks/reinforced_yellow_stained_glass_pane_from_glass": {
    "criteria": {
      "has_glass": "2024-11-18 21:02:28 +0000"
    },
    "done": true
  },
  "securitycraft:recipes/misc/block_pocket_manager": {
    "criteria": {
      "has_redstone_block": "2024-11-18 21:09:15 +0000"
    },
    "done": true
  },
  "securitycraft:recipes/building_blocks/reinforced_green_stained_glass_pane_from_glass": {
    "criteria": {
      "has_glass": "2024-11-18 21:02:28 +0000"
    },
    "done": true
  },
  "tombstone:adventure/first_grave": {
    "criteria": {
      "coded_trigger": "2024-11-18 21:00:50 +0000"
    },
    "done": true
  },
  "minecraft:recipes/misc/diamond_from_smelting_diamond_ore": {
    "criteria": {
      "has_diamond_ore": "2024-11-18 21:08:56 +0000"
    },
    "done": true
  },
  "securitycraft:recipes/building_blocks/reinforced_orange_stained_glass_pane_from_glass": {
    "criteria": {
      "has_glass": "2024-11-18 21:02:28 +0000"
    },
    "done": true
  },
  "securitycraft:recipes/building_blocks/reinforced_blue_stained_glass_pane_from_glass": {
    "criteria": {
      "has_glass": "2024-11-18 21:02:28 +0000"
    },
    "done": true
  },
  "securitycraft:recipes/building_blocks/reinforced_gray_stained_glass_pane_from_glass": {
    "criteria": {
      "has_glass": "2024-11-18 21:02:28 +0000"
    },
    "done": true
  },
  "minecraft:recipes/building_blocks/cyan_stained_glass": {
    "criteria": {
      "has_glass": "2024-11-18 21:02:28 +0000"
    },
    "done": true
  },
  "securitycraft:recipes/building_blocks/nether_gold_mine": {
    "criteria": {
      "has_mine": "2024-11-18 21:02:44 +0000"
    },
    "done": true
  },
  "securitycraft:recipes/building_blocks/reinforced_cyan_stained_glass_pane_from_glass": {
    "criteria": {
      "has_glass": "2024-11-18 21:02:28 +0000"
    },
    "done": true
  },
  "securitycraft:recipes/building_blocks/deepslate_gold_mine": {
    "criteria": {
      "has_mine": "2024-11-18 21:02:44 +0000"
    },
    "done": true
  },
  "minecraft:recipes/building_blocks/purple_stained_glass": {
    "criteria": {
      "has_glass": "2024-11-18 21:02:28 +0000"
    },
    "done": true
  },
  "minecraft:recipes/building_blocks/chiseled_stone_bricks_stone_from_stonecutting": {
    "criteria": {
      "has_stone": "2024-11-18 21:09:02 +0000"
    },
    "done": true
  },
  "securitycraft:recipes/building_blocks/reinforced_light_gray_stained_glass_pane_from_dye": {
    "criteria": {
      "has_glass": "2024-11-18 21:02:28 +0000"
    },
    "done": true
  },
  "securitycraft:recipes/building_blocks/reinforced_green_stained_glass": {
    "criteria": {
      "has_glass": "2024-11-18 21:02:28 +0000"
    },
    "done": true
  },
  "minecraft:recipes/building_blocks/yellow_stained_glass": {
    "criteria": {
      "has_glass": "2024-11-18 21:02:28 +0000"
    },
    "done": true
  },
  "securitycraft:recipes/building_blocks/reinforced_blue_stained_glass": {
    "criteria": {
      "has_glass": "2024-11-18 21:02:28 +0000"
    },
    "done": true
  },
  "minecraft:adventure/root": {
    "criteria": {
      "killed_by_something": "2024-11-18 21:00:50 +0000"
    },
    "done": true
  },
  "securitycraft:recipes/building_blocks/reinforced_light_gray_stained_glass_pane_from_glass": {
    "criteria": {
      "has_glass": "2024-11-18 21:02:28 +0000"
    },
    "done": true
  },
  "securitycraft:recipes/building_blocks/reinforced_yellow_stained_glass": {
    "criteria": {
      "has_glass": "2024-11-18 21:02:28 +0000"
    },
    "done": true
  },
  "minecraft:recipes/misc/diamond_from_blasting_diamond_ore": {
    "criteria": {
      "has_diamond_ore": "2024-11-18 21:08:56 +0000"
    },
    "done": true
  },
  "betterdungeons:root": {
    "criteria": {
      "always": "2024-11-18 20:55:42 +0000"
    },
    "done": true
  },
  "minecraft:adventure/kill_a_mob": {
    "criteria": {
      "minecraft:zombie": "2024-11-18 21:02:58 +0000"
    },
    "done": true
  },
  "securitycraft:recipes/building_blocks/reinforced_purple_stained_glass": {
    "criteria": {
      "has_glass": "2024-11-18 21:02:28 +0000"
    },
    "done": true
  },
  "minecraft:adventure/adventuring_time": {
    "criteria": {
      "minecraft:sparse_jungle": "2024-11-18 21:00:43 +0000",
      "minecraft:savanna": "2024-11-18 20:55:44 +0000",
      "minecraft:plains": "2024-11-18 20:59:12 +0000"
    },
    "done": false
  },
  "securitycraft:recipes/building_blocks/reinforced_yellow_stained_glass_pane_from_dye": {
    "criteria": {
      "has_glass": "2024-11-18 21:02:28 +0000"
    },
    "done": true
  },
  "securitycraft:recipes/building_blocks/reinforced_lime_stained_glass_pane_from_dye": {
    "criteria": {
      "has_glass": "2024-11-18 21:02:28 +0000"
    },
    "done": true
  },
  "securitycraft:recipes/building_blocks/redstone_mine": {
    "criteria": {
      "has_mine": "2024-11-18 21:02:44 +0000"
    },
    "done": true
  },
  "minecraft:recipes/misc/lapis_lazuli_from_blasting_deepslate_lapis_ore": {
    "criteria": {
      "has_deepslate_lapis_ore": "2024-11-18 21:09:30 +0000"
    },
    "done": true
  },
  "securitycraft:recipes/building_blocks/deepslate_diamond_mine": {
    "criteria": {
      "has_mine": "2024-11-18 21:02:44 +0000"
    },
    "done": true
  },
  "securitycraft:recipes/building_blocks/suspicious_sand_mine": {
    "criteria": {
      "has_mine": "2024-11-18 21:02:44 +0000"
    },
    "done": true
  },
  "securitycraft:recipes/building_blocks/diamond_mine": {
    "criteria": {
      "has_mine": "2024-11-18 21:02:44 +0000"
    },
    "done": true
  },
  "minecraft:recipes/redstone/redstone_from_blasting_deepslate_redstone_ore": {
    "criteria": {
      "has_deepslate_redstone_ore": "2024-11-18 21:09:23 +0000"
    },
    "done": true
  },
  "securitycraft:recipes/building_blocks/reinforced_light_blue_stained_glass": {
    "criteria": {
      "has_glass": "2024-11-18 21:02:28 +0000"
    },
    "done": true
  },
  "securitycraft:recipes/building_blocks/reinforced_gray_stained_glass_pane_from_dye": {
    "criteria": {
      "has_glass": "2024-11-18 21:02:28 +0000"
    },
    "done": true
  },
  "securitycraft:recipes/building_blocks/reinforced_pink_stained_glass": {
    "criteria": {
      "has_glass": "2024-11-18 21:02:28 +0000"
    },
    "done": true
  },
  "securitycraft:recipes/building_blocks/quartz_mine": {
    "criteria": {
      "has_mine": "2024-11-18 21:02:44 +0000"
    },
    "done": true
  },
  "tombstone:adventure/root": {
    "criteria": {
      "auto": "2024-11-18 20:55:44 +0000"
    },
    "done": true
  },
  "securitycraft:recipes/building_blocks/sand_mine": {
    "criteria": {
      "has_mine": "2024-11-18 21:02:44 +0000"
    },
    "done": true
  },
  "securitycraft:recipes/building_blocks/deepslate_emerald_mine": {
    "criteria": {
      "has_mine": "2024-11-18 21:02:44 +0000"
    },
    "done": true
  },
  "minecraft:recipes/misc/lapis_lazuli_from_smelting_lapis_ore": {
    "criteria": {
      "has_lapis_ore": "2024-11-18 21:09:30 +0000"
    },
    "done": true
  },
  "securitycraft:recipes/building_blocks/reinforced_magenta_stained_glass_pane_from_glass": {
    "criteria": {
      "has_glass": "2024-11-18 21:02:28 +0000"
    },
    "done": true
  },
  "minecraft:recipes/building_blocks/stone_stairs": {
    "criteria": {
      "has_stone": "2024-11-18 21:09:02 +0000"
    },
    "done": true
  },
  "securitycraft:recipes/building_blocks/reinforced_brown_stained_glass_pane_from_glass": {
    "criteria": {
      "has_glass": "2024-11-18 21:02:28 +0000"
    },
    "done": true
  },
  "DataVersion": 3337
}